two,eight,fourteen
20120106003230,201201060514,594787
20120106024355,201201060826,594823
20120106032719,201201060521,594790
20120106033235,201201060429,594780
20120106035346,201201060446,594786
20120106041426,201201060445,594784
20120106043025,201201060515,594788
20120106045326,201201060536,594796
20120106052714,201201060551,594802
20120106070243,201201060928,594834
20120106073142,201201060757,594815
20120106073757,201201061131,594896
20120106084347,201201060850,594828
20120106084720,201201060910,594830
20120106085558,201201061228,594961
20120106091726,201201060942,594839
20120106095129,201201061010,594853
20120106100014,201201061011,594857
